{
  "clothing": [
    {
      "id": "1",
      "name": "Designer Skirt",
      "price": 235,
      "image": "assets/designerskirt.jpg"
    },
    {
      "id": "2",
      "name": "Designer Skirt",
      "price": 180,
      "image": "assets/designerskirt1.jpg"
    },
    {
      "id": "3",
      "name": "Designer Shirt",
      "price": 295,
      "image": "assets/designershirt.jpg"
    },
    {
      "id": "4",
      "name": "Designer Pant",
      "price": 320,
      "image": "assets/designerpant.webp"
    },
    {
      "id": "5",
      "name": "Formal",
      "price": 150,
      "image": "assets/formal.webp",
      "sale": true
    },
    {
      "id": "6",
      "name": "Designer Shirt",
      "price": 205,
      "image": "assets/designerpant.webp"
    },
    {
      "id": "7",
      "name": "Designer Skirt",
      "price": 340,
      "image": "assets/designerskirt.jpg"
    },
    {
      "id": "8",
      "name": "Designer Skirt",
      "price": 260,
      "image": "assets/designerskirt1.jpg"
    },
    {
      "id": "9",
      "name": "Designer Shirt",
      "price": 215,
      "image": "assets/designershirt.jpg"
    }
  ],
  "jewellery": [
    {
      "id": "1",
      "name": "Gold Plated Necklace",
      "price": 1500,
      "image": "assets/jumkhas.webp"
    },
    {
      "id": "2",
      "name": "Diamond Stud Earrings",
      "price": 2200,
      "image": "assets/pearl.webp"
    },
    {
      "id": "3",
      "name": "Silver Bracelet",
      "price": 899,
      "image": "assets/bracelet.jpeg"
    },
    {
      "id": "4",
      "name": "Rose Gold Ring",
      "price": 1299,
      "image": "assets/rosegold.webp",
      "sale": true
    },
    {
      "id": "5",
      "name": "Pearl Choker",
      "price": 1750,
      "image": "assets/pearl.webp"
    },
    {
      "id": "6",
      "name": "Traditional Jhumkas",
      "price": 950,
      "image": "assets/jumkhas.webp"
    },
    {
      "id": "7",
      "name": "Gold Chain",
      "price": 1100,
      "image": "assets/chain.webp"
    },
    {
      "id": "8",
      "name": "Silver Anklet",
      "price": 650,
      "image": "assets/anklet.webp"
    },
    {
      "id": "9",
      "name": "Kundan Bridal Set",
      "price": 3500,
      "image": "assets/rosegold.webp"
    }
  ],
  "skincare": [
    {
      "id": "1",
      "name": "Vitamin C Face Serum",
      "price": 499,
      "image": "assets/vitaminc serum.webp"
    },
    {
      "id": "2",
      "name": "Oil-Free Moisturizer",
      "price": 350,
      "image": "assets/oilfreemois.webp"
    },
    {
      "id": "3",
      "name": "Gentle Face Wash",
      "price": 299,
      "image": "assets/facewash.webp"
    },
    {
      "id": "4",
      "name": "Sunscreen SPF 50",
      "price": 599,
      "image": "assets/sunscreen.webp",
      "sale": true
    },
    {
      "id": "5",
      "name": "Aloe Vera Gel",
      "price": 199,
      "image": "assets/aloveragel.webp"
    },
    {
      "id": "6",
      "name": "Hydrating Toner",
      "price": 275,
      "image": "assets/toner.webp"
    },
    {
      "id": "7",
      "name": "Night Repair Cream",
      "price": 650,
      "image": "assets/facewash.webp"
    },
    {
      "id": "8",
      "name": "Anti Acne Gel",
      "price": 230,
      "image": "assets/antiacne.jpg"
    },
    {
      "id": "9",
      "name": "Brightening Face Pack",
      "price": 320,
      "image": "assets/facepack.webp"
    }
  ],
  "users": [
    {
      "id": "1",
      "username": "umesh",
      "email": "umesh@gmail.com",
      "password": "Umesh@123"
    },
    {
      "id": "1",
      "username": "boorela",
      "email": "boorela@gmail.com",
      "password": "Boorela@123"
    },
    {
      "id": "9701",
      "username": "jyotisingh",
      "email": "jyotisingh@gmail.com",
      "password": "Jyo@12345"
    }
  ],
  "collections": [
    {
      "image": "./assets/women02.jpg",
      "title": "Clothing Collections",
      "btnLabel": "SHOP NOW",
      "link": "/clothing",
      "contentClass": "content",
      "overlayClass": "img-content",
      "id": "1"
    },
    {
      "image": "./assets/women04.jpg",
      "title": "Jewellery Collections",
      "btnLabel": "SHOP NOW",
      "link": "/jewellery",
      "contentClass": "content2",
      "overlayClass": "img-content2",
      "id": "2"
    },
    {
      "image": "./assets/women05.jpg",
      "title": "SkinCare Collections",
      "btnLabel": "SHOP NOW",
      "link": "/skincare",
      "contentClass": "content3",
      "overlayClass": "img-content3",
      "id": "3"
    }
  ],
  "hotsales": [
    {
      "id": "1",
      "name": "Pearl Earrings",
      "image": "./assets/women09.jpg",
      "price": 1500
    },
    {
      "id": "2",
      "name": "MamaEarth Products",
      "image": "./assets/women10.jpg",
      "price": 600
    },
    {
      "id": "3",
      "name": "Embroidery Design",
      "image": "./assets/women11.jpg",
      "price": 1200
    },
    {
      "id": "4",
      "name": "Organic SkinCare",
      "image": "./assets/women12.jpg",
      "price": 800
    }
  ],
  "newArrivals": [
    {
      "id": "1",
      "name": "Amayra KURTI",
      "image": "./assets/women01.jpg",
      "price": 1000
    },
    {
      "id": "2",
      "name": "Natural Products",
      "image": "./assets/women03.jpg",
      "price": 600
    },
    {
      "id": "3",
      "name": "Silk Saree",
      "image": "./assets/women02.jpg",
      "price": 1300
    },
    {
      "id": "4",
      "name": "Diamond Earrings",
      "image": "./assets/women04.jpg",
      "price": 50000
    }
  ],
  "topSales": [
    {
      "id": "1",
      "name": "Moisturizer",
      "image": "./assets/women05.jpg",
      "price": 300
    },
    {
      "id": "2",
      "name": "PS England Shirt",
      "image": "./assets/women08.jpg",
      "price": 400
    },
    {
      "id": "3",
      "name": "Pearl Necklace",
      "image": "./assets/women06.jpg",
      "price": 16000
    },
    {
      "id": "4",
      "name": "Office Wear",
      "image": "./assets/women07.jpg",
      "price": 2000
    }
  ]
}
 